LOST DUTCHMAN'S - STANTON CAMP SITE MASTER UPDATE,,,,,,,
,,,,,,,
,,,,,,,
,,,,LDMA Member,,,Non-Member
CAMP,Site #,Special Type,Site Type,Monthly Rate,Daily Rate,,Daily Rate
Stanton,1,Premium,30 Amp - Full Hook-Up ,$540 ,$21 ,,$45 
Stanton,2,Premium,30 Amp - Full Hook-Up ,$540 ,$21 ,,$45 
Stanton,3,Premium,30 Amp - Full Hook-Up ,$540 ,$21 ,,$45 
Stanton,4,Premium,30 Amp - Full Hook-Up ,$540 ,$21 ,,$45 
Stanton,5,,30 Amp - Full Hook-Up ,$510 ,$19 ,,$45 
Stanton,6,,30 Amp - Full Hook-Up ,$510 ,$19 ,,$45 
Stanton,7,,30 Amp - Full Hook-Up ,$510 ,$19 ,,$45 
Stanton,8,,30 Amp - Full Hook-Up ,$510 ,$19 ,,$45 
Stanton,9,,50 Amp - Full Hook-Up ,$600 ,$22 ,,$55 
Stanton,10,,30 Amp - Full Hook-Up ,$510 ,$19 ,,$45 
Stanton,11,,30 Amp - Full Hook-Up ,$510 ,$19 ,,$45 
Stanton,12,Premium,30 Amp - Full Hook-Up ,$540 ,$21 ,,$45 
Stanton,13,,30 Amp - Full Hook-Up ,$510 ,$19 ,,$45 
Stanton,14,Premium,30 Amp - Full Hook-Up ,$540 ,$21 ,,$45 
Stanton,15,,30 Amp - Full Hook-Up ,$510 ,$19 ,,$45 
Stanton,16,Premium,30 Amp - Full Hook-Up ,$540 ,$21 ,,$45 
Stanton,17,,30 Amp - Full Hook-Up ,$510 ,$19 ,,$45 
Stanton,18,Premium,30 Amp - Full Hook-Up ,$540 ,$21 ,,$45 
Stanton,19,Premium,30 Amp - Full Hook-Up ,$540 ,$21 ,,$45 
Stanton,20,Premium,30 Amp - Full Hook-Up ,$540 ,$21 ,,$45 
Stanton,21,Premium,30 Amp - Full Hook-Up ,$540 ,$21 ,,$45 
Stanton,22,Premium,30 Amp - Full Hook-Up ,$540 ,$21 ,,$45 
Stanton,23,Premium,30 Amp - Full Hook-Up ,$540 ,$21 ,,$45 
Stanton,24,Premium,30 Amp - Full Hook-Up ,$540 ,$21 ,,$45 
Stanton,25,,30 Amp - Full Hook-Up ,$510 ,$19 ,,$45 
Stanton,26,,30 Amp - Full Hook-Up ,$510 ,$19 ,,$45 
Stanton,27,,30 Amp - Full Hook-Up ,$510 ,$19 ,,$45 
Stanton,28,,30 Amp - Full Hook-Up ,$510 ,$19 ,,$45 
Stanton,29,Premium,50 Amp - Full Hook-Up ,$660 ,$24 ,,$55 
Stanton,30,,30 Amp - Full Hook-Up ,$510 ,$19 ,,$45 
Stanton,31,,30 Amp - Full Hook-Up ,$510 ,$19 ,,$45 
Stanton,32,,50 Amp - Full Hook-Up ,$600 ,$22 ,,$55 
Stanton,33,,50 Amp - Full Hook-Up ,$600 ,$22 ,,$55 
Stanton,35,,30 Amp - Full Hook-Up ,$510 ,$19 ,,$45 
Stanton,36,,30 Amp - Full Hook-Up ,$510 ,$19 ,,$45 
Stanton,37,,30 Amp - Full Hook-Up ,$510 ,$19 ,,$45 
Stanton,38,,30 Amp - Full Hook-Up ,$510 ,$19 ,,$45 
Stanton,39,,30 Amp - Full Hook-Up ,$510 ,$19 ,,$45 
Stanton,40,,30 Amp - Full Hook-Up ,$510 ,$19 ,,$45 
Stanton,41,,30 Amp - Full Hook-Up ,$510 ,$19 ,,$45 
Stanton,42,,30 Amp - Full Hook-Up ,$510 ,$19 ,,$45 
Stanton,43,,30 Amp - Full Hook-Up ,$510 ,$19 ,,$45 
Stanton,44,,30 Amp - Full Hook-Up ,$510 ,$19 ,,$45 
Stanton,45,,30 Amp - Full Hook-Up ,$510 ,$19 ,,$45 
Stanton,46,,30 Amp - Full Hook-Up ,$510 ,$19 ,,$45 
Stanton,47,,30 Amp - Full Hook-Up ,$510 ,$19 ,,$45 
Stanton,48,,30 Amp - Full Hook-Up ,$510 ,$19 ,,$45 
Stanton,49,,30 Amp - Full Hook-Up ,$510 ,$19 ,,$45 
Stanton,50,,30 Amp - Full Hook-Up ,$510 ,$19 ,,$45 
Stanton,51,,30 Amp - Full Hook-Up ,$510 ,$19 ,,$45 
Stanton,52,,30 Amp - Full Hook-Up ,$510 ,$19 ,,$45 
Stanton,53,,30 Amp - Full Hook-Up ,$510 ,$19 ,,$45 
Stanton,54,,30 Amp - Full Hook-Up ,$510 ,$19 ,,$45 
Stanton,55,Premium,50 Amp - Full Hook-Up ,$660 ,$24 ,,$55 
Stanton,56,,30 Amp - Full Hook-Up ,$510 ,$19 ,,$45 
Stanton,57,Premium,30 Amp - Full Hook-Up ,$540 ,$21 ,,$45 
Stanton,58,Premium,30 Amp - Full Hook-Up ,$540 ,$21 ,,$45 
Stanton,59,,30 Amp - Full Hook-Up ,$510 ,$19 ,,$45 
Stanton,60,,30 Amp - Full Hook-Up ,$510 ,$19 ,,$45 
Stanton,61,,30 Amp - Full Hook-Up ,$510 ,$19 ,,$45 
Stanton,62,,30 Amp - Full Hook-Up ,$510 ,$19 ,,$45 
Stanton,63,,30 Amp - Full Hook-Up ,$510 ,$19 ,,$45 
Stanton,64,,30 Amp - Full Hook-Up ,$510 ,$19 ,,$45 
Stanton,65,,30 Amp - Full Hook-Up ,$510 ,$19 ,,$45 
Stanton,66,,30 Amp - Full Hook-Up ,$510 ,$19 ,,$45 
Stanton,67,,30 Amp - Full Hook-Up ,$510 ,$19 ,,$45 
Stanton,68,,30 Amp - Full Hook-Up ,$510 ,$19 ,,$45 
Stanton,69,,30 Amp - Full Hook-Up ,$510 ,$19 ,,$45 
Stanton,70,,30 Amp - Full Hook-Up ,$510 ,$19 ,,$45 
Stanton,71,Premium,50 Amp - Full Hook-Up ,$660 ,$24 ,,$55 
Stanton,73,Premium,50 Amp - Full Hook-Up ,$660 ,$24 ,,$55 
Stanton,75,Premium,50 Amp - Full Hook-Up ,$660 ,$24 ,,$55 
Stanton,77,,30 Amp - Full Hook-Up ,$510 ,$19 ,,$45 
Stanton,78,,30 Amp - Full Hook-Up ,$510 ,$19 ,,$45 
Stanton,79,,30 Amp - Full Hook-Up ,$510 ,$19 ,,$45 
Stanton,80,,30 Amp - Full Hook-Up ,$510 ,$19 ,,$45 
Stanton,81,,30 Amp - Full Hook-Up ,$510 ,$19 ,,$45 
Stanton,82,,30 Amp - Full Hook-Up ,$510 ,$19 ,,$45 
Stanton,83,,30 Amp - Full Hook-Up ,$510 ,$19 ,,$45 
Stanton,84,,30 Amp - Full Hook-Up ,$510 ,$19 ,,$45 
Stanton,85,,30 Amp - Full Hook-Up ,$510 ,$19 ,,$45 
Stanton,86,,30 Amp - Full Hook-Up ,$510 ,$19 ,,$45 
Stanton,87,,30 Amp - Full Hook-Up ,$510 ,$19 ,,$45 
Stanton,88,,30 Amp - Full Hook-Up ,$510 ,$19 ,,$45 
Stanton,89,Premium,30 Amp - Full Hook-Up ,$540 ,$21 ,,$45 
Stanton,90,Premium,30 Amp - Full Hook-Up ,$540 ,$21 ,,$45 
Stanton,91,Premium,30 Amp - Full Hook-Up ,$540 ,$21 ,,$45 
Stanton,92,Premium,30 Amp - Full Hook-Up ,$540 ,$21 ,,$45 
Stanton,93,Premium,30 Amp - Full Hook-Up ,$540 ,$21 ,,$45 
Stanton,94,Premium,30 Amp - Full Hook-Up ,$540 ,$21 ,,$45 
Stanton,95,,50 Amp - Full Hook-Up ,$600 ,$22 ,,$55 
Stanton,96,,50 Amp - Full Hook-Up ,$600 ,$22 ,,$55 
Stanton,97,,50 Amp - Full Hook-Up ,$600 ,$22 ,,$55 
Stanton,98,,50 Amp - Full Hook-Up ,$600 ,$22 ,,$55 
Stanton,99,,50 Amp - Full Hook-Up ,$600 ,$22 ,,$55 
Stanton,100,,50 Amp - Full Hook-Up ,$600 ,$22 ,,$55 
Stanton,101,Premium,30 Amp - Full Hook-Up ,$540 ,$21 ,,$45 
Stanton,102,,50 Amp - Full Hook-Up ,$600 ,$22 ,,$55 
Stanton,103,Premium,50 Amp - Full Hook-Up ,$660 ,$24 ,,$55 
Stanton,104,,30 Amp - Full Hook-Up ,$510 ,$19 ,,$45 
Stanton,105,,30 Amp - Full Hook-Up ,$510 ,$19 ,,$45 
Stanton,106,,30 Amp - Full Hook-Up ,$510 ,$19 ,,$45 
Stanton,107,,30 Amp - Full Hook-Up ,$510 ,$19 ,,$45 
Stanton,108,,30 Amp - Full Hook-Up ,$510 ,$19 ,,$45 
Stanton,109,,30 Amp - Full Hook-Up ,$510 ,$19 ,,$45 
Stanton,110,,30 Amp - Full Hook-Up ,$510 ,$19 ,,$45 
Stanton,111,,30 Amp - Full Hook-Up ,$510 ,$19 ,,$45 
Stanton,112,,30 Amp - Full Hook-Up ,$510 ,$19 ,,$45 
Stanton,113,,30 Amp - Full Hook-Up ,$510 ,$19 ,,$45 
Stanton,114,,30 Amp - Full Hook-Up ,$510 ,$19 ,,$45 
Stanton,115,,30 Amp - Full Hook-Up ,$510 ,$19 ,,$45 
Stanton,116,,30 Amp - Full Hook-Up ,$510 ,$19 ,,$45 
Stanton,117,,30 Amp - Full Hook-Up ,$510 ,$19 ,,$45 
Stanton,118,,30 Amp - Full Hook-Up ,$510 ,$19 ,,$45 
Stanton,119,,30 Amp - Full Hook-Up ,$510 ,$19 ,,$45 
Stanton,120,,30 Amp - Full Hook-Up ,$510 ,$19 ,,$45 
Stanton,121,,30 Amp - Full Hook-Up ,$510 ,$19 ,,$45 
Stanton,122,,30 Amp - Full Hook-Up ,$510 ,$19 ,,$45 
Stanton,123,,30 Amp - Full Hook-Up ,$510 ,$19 ,,$45 
Stanton,124,,30 Amp - Full Hook-Up ,$510 ,$19 ,,$45 
Stanton,125,,30 Amp - Full Hook-Up ,$510 ,$19 ,,$45 
Stanton,126,,30 Amp - Full Hook-Up ,$510 ,$19 ,,$45 
Stanton,127,,30 Amp - Full Hook-Up ,$510 ,$19 ,,$45 
Stanton,128,,30 Amp - Full Hook-Up ,$510 ,$19 ,,$45 
Stanton,129,,30 Amp - Full Hook-Up ,$510 ,$19 ,,$45 
Stanton,130,Premium,50 Amp - Full Hook-Up ,$660 ,$24 ,,$55 
Stanton,132,Premium,50 Amp - Full Hook-Up ,$660 ,$24 ,,$55 
Stanton,500,,30 Amp - Elec Only,$340 ,$14 ,,$30 
Stanton,501,,30 Amp - Elec Only,$340 ,$14 ,,$30 
Stanton,502,,30 Amp - Elec Only,$340 ,$14 ,,$30 
Stanton,503,,30 Amp - Elec Only,$340 ,$14 ,,$30 
Stanton,504,,30 Amp - Elec Only,$340 ,$14 ,,$30 
Stanton,505,,30 Amp - Elec Only,$340 ,$14 ,,$30 
Stanton,506,,30 Amp - Elec Only,$340 ,$14 ,,$30 
Stanton,507,,30 Amp - Elec Only,$340 ,$14 ,,$30 
Stanton,508,,30 Amp - Elec Only,$340 ,$14 ,,$30 
Stanton,A-01,,Dry Camping,$150 ,$6 ,,$15 
Stanton,A-02,,Dry Camping,$150 ,$6 ,,$15 
Stanton,A-03,,Dry Camping,$150 ,$6 ,,$15 
Stanton,A-04,,Dry Camping,$150 ,$6 ,,$15 
Stanton,A-05,,Dry Camping,$150 ,$6 ,,$15 
Stanton,A-06,,Dry Camping,$150 ,$6 ,,$15 
Stanton,A-07,,Dry Camping,$150 ,$6 ,,$15 
Stanton,A-08,,Dry Camping,$150 ,$6 ,,$15 
Stanton,A-09,,Dry Camping,$150 ,$6 ,,$15 
Stanton,A-10,,Dry Camping,$150 ,$6 ,,$15 
Stanton,A-11,,Dry Camping,$150 ,$6 ,,$15 
Stanton,A-12,,Dry Camping,$150 ,$6 ,,$15 
Stanton,A-13,,Dry Camping,$150 ,$6 ,,$15 
Stanton,A-14,,Dry Camping,$150 ,$6 ,,$15 
Stanton,A-15,,Dry Camping,$150 ,$6 ,,$15 
Stanton,A-16,,Dry Camping,$150 ,$6 ,,$15 
Stanton,A-17,,Dry Camping,$150 ,$6 ,,$15 
Stanton,A-18,,Dry Camping,$150 ,$6 ,,$15 
Stanton,A-19,,Dry Camping,$150 ,$6 ,,$15 
Stanton,A-20,,Dry Camping,$150 ,$6 ,,$15 
Stanton,A-21,,Dry Camping,$150 ,$6 ,,$15 
Stanton,A-22,,Dry Camping,$150 ,$6 ,,$15 
Stanton,A-23,,Dry Camping,$150 ,$6 ,,$15 
Stanton,A-24,,Dry Camping,$150 ,$6 ,,$15 
Stanton,A-25,,Dry Camping,$150 ,$6 ,,$15 
Stanton,T-01,,Dry Camping,$150 ,$6 ,,$15 
Stanton,T-02,,Dry Camping,$150 ,$6 ,,$15 
Stanton,T-03,,Dry Camping,$150 ,$6 ,,$15 
Stanton,T-04,,Dry Camping,$150 ,$6 ,,$15 
Stanton,T-05,,Dry Camping,$150 ,$6 ,,$15 
Stanton,T-06,,Dry Camping,$150 ,$6 ,,$15 
Stanton,T-07,,Dry Camping,$150 ,$6 ,,$15 
Stanton,T-08,,Dry Camping,$150 ,$6 ,,$15 
Stanton,T-09,,Dry Camping,$150 ,$6 ,,$15 
Stanton,T-10,,Dry Camping,$150 ,$6 ,,$15 
Stanton,T-11,,Dry Camping,$150 ,$6 ,,$15 